feature,mean_abs_shap,group,share
o_mean52,0.39954812284554475,history,0.18607995650960488
promo_type,0.38505338581382814,promo,0.1793293803405294
discount_pct,0.257280571396137,price,0.11982225619081846
o_mean26,0.18846770676250446,history,0.08777431471349698
o_nonpromo13,0.1510760476703981,history,0.07036004619403043
upc,0.11671259196451053,product,0.054356090781272334
tpr_only,0.062201485940347426,promo,0.02896885040074895
o_units_last,0.0546939565987824,history,0.025472398650647626
price,0.05341368023619268,price,0.024876140637534485
base_price,0.04445594473517017,price,0.020704290146575786
price_gap_cat,0.04151037739362834,price,0.019332462795951234
o_mean4,0.03992251807553007,history,0.01859295539756629
week_of_year,0.03966780123777796,calendar,0.018474327138838367
sales_area_size_num,0.025747751304083816,store,0.011991397703891037
month,0.02482190642086211,calendar,0.01156020765254612
o_mean8,0.02354569728970438,history,0.010965843854934702
o_hist_len,0.0209295103931321,history,0.009747417547565064
o_base,0.02013685050453651,history,0.009378255213510513
state,0.01851323223856763,store,0.008622093942702884
feature,0.015022511241840166,promo,0.006996374350699416
manufacturer,0.014634579525009789,product,0.006815704456714209
christmas_week,0.014556463771466107,calendar,0.006779323917822921
lag52,0.014215711018547813,history,0.006620626494864246
tier,0.014085903176123411,store,0.00656017160522314
lag52_mean3,0.013777524398112143,history,0.006416551584705599
o_price,0.01360161088811851,history,0.006334624086070544
avg_weekly_baskets,0.012402155720618726,store,0.005776006606368701
o_zero_rate13,0.009912851762114153,history,0.0046166729845792094
thanksgiving_week,0.009240459890435326,calendar,0.004303522595213532
o_promo_rate13,0.007053532646643293,history,0.0032850136768978132
o_mean13,0.006169702700355005,history,0.0028733910748544836
display,0.005377078876204521,promo,0.002504245536950367
h,0.004964356098632361,history,0.0023120298009479236
o_disc13,0.004484517507062581,history,0.002088556484104307
o_std13,0.0044489079846622,history,0.0020719722030109575
holiday_week,0.003975710342710899,calendar,0.0018515917491931716
sub_category,0.0036472257198604916,product,0.0016986079136072215
category,0.0034033843039719715,product,0.0015850446218049054
size_value,0.0022905501961794647,product,0.0010667688233712707
superbowl_week,0.0015768490057517979,calendar,0.0007343796094517932
easter_week,0.0006444432966247861,calendar,0.0003001340107789816
