feature_set,kind,groups,origin,n,wmape,rmse,bias,delta_wmape_vs_full
history only,incremental,history,129,43873.0,0.4424514159366129,18.987043038561257,0.05864813742506116,
history only,incremental,history,142,42616.0,0.4211867957477922,22.38010323417609,-0.09195388625060703,
+ price,incremental,history+price,129,43873.0,0.38357281480938765,17.83819823236733,0.006132229160769345,
+ price,incremental,history+price,142,42616.0,0.3635516840936756,18.168952006035425,-0.057004486125681895,
+ promo,incremental,history+price+promo,129,43873.0,0.3369442668431149,14.488199272570412,-0.015146060257326273,
+ promo,incremental,history+price+promo,142,42616.0,0.31409489910435373,13.308602967720555,0.00423219147039028,
+ product,incremental,history+price+promo+product,129,43873.0,0.3340126691584338,14.094379010249286,-0.01808987152899121,
+ product,incremental,history+price+promo+product,142,42616.0,0.313185960880172,12.799965834734195,0.030232882314695207,
+ store,incremental,history+price+promo+product+store,129,43873.0,0.330914239050579,13.623289809421374,-0.005294369685333474,
+ store,incremental,history+price+promo+product+store,142,42616.0,0.31070147417962407,12.710525822885984,0.031040442597222315,
+ calendar,incremental,history+price+promo+product+store+calendar,129,43873.0,0.33298939048698356,13.69991817044372,-0.008188442575630549,
+ calendar,incremental,history+price+promo+product+store+calendar,142,42616.0,0.2939688007854667,11.851571647166914,0.034450051545516065,
full minus price,leave_one_out,history+promo+product+store+calendar,129,43873.0,0.3498151712503977,15.044241317799683,0.02463501494631422,
full minus price,leave_one_out,history+promo+product+store+calendar,142,42616.0,0.305998730225675,12.688476809420631,0.04147402622375891,
full minus promo,leave_one_out,history+price+product+store+calendar,129,43873.0,0.3766115282251454,17.010789829470458,0.013851527569584831,
full minus promo,leave_one_out,history+price+product+store+calendar,142,42616.0,0.3174449923451074,14.565136618167712,-0.017340163407263468,
full minus product,leave_one_out,history+price+promo+store+calendar,129,43873.0,0.33398492319432715,14.402671727417708,-0.01852691733942912,
full minus product,leave_one_out,history+price+promo+store+calendar,142,42616.0,0.3074888236812178,12.67225198741933,0.012242123767468123,
full minus store,leave_one_out,history+price+promo+product+calendar,129,43873.0,0.3323622998351496,13.877294874131742,-0.005307982158723334,
full minus store,leave_one_out,history+price+promo+product+calendar,142,42616.0,0.296747635231582,12.268754476315427,0.04587816923759884,
full minus calendar,leave_one_out,history+price+promo+product+store,129,43873.0,0.330914239050579,13.623289809421374,-0.005294369685333474,
full minus calendar,leave_one_out,history+price+promo+product+store,142,42616.0,0.31070147417962407,12.710525822885984,0.031040442597222315,
history only,incremental,history,mean,,0.43181910584220257,20.683573136368672,-0.016652874412772935,0.11834001020597745
+ price,incremental,history+price,mean,,0.3735622494515316,18.00357511920138,-0.025436128482456275,0.06008315381530649
+ promo,incremental,history+price+promo,mean,,0.3255195829737343,13.898401120145483,-0.005456934393467996,0.012040487337509176
+ product,incremental,history+price+promo+product,mean,,0.3235993150193029,13.44717242249174,0.006071505392851999,0.010120219383077778
+ store,incremental,history+price+promo+product+store,mean,,0.3208078566151015,13.166907816153678,0.01287303645594442,0.007328760978876414
+ calendar,incremental,history+price+promo+product+store+calendar,mean,,0.3134790956362251,12.775744908805317,0.013130804484942759,0.0
full minus price,leave_one_out,history+promo+product+store+calendar,mean,,0.32790695073803633,13.866359063610158,0.033054520585036565,0.014427855101811216
full minus promo,leave_one_out,history+price+product+store+calendar,mean,,0.3470282602851264,15.787963223819084,-0.0017443179188393184,0.033549164648901286
full minus product,leave_one_out,history+price+promo+store+calendar,mean,,0.32073687343777246,13.537461857418519,-0.003142396785980499,0.007257777801547349
full minus store,leave_one_out,history+price+promo+product+calendar,mean,,0.31455496753336576,13.073024675223586,0.020285093539437752,0.0010758718971406456
full minus calendar,leave_one_out,history+price+promo+product+store,mean,,0.3208078566151015,13.166907816153678,0.01287303645594442,0.007328760978876414
