fold,model,outliers,n,wmape,rmse,bias
cv1,lgbm,included,43873.0,0.32415145356685626,13.404149001826626,-0.007302752646443903
cv1,lgbm,excluded,43844.0,0.323885158193248,13.38945540379456,-0.007119979083475892
cv1,seasonal_naive,included,43873.0,0.5996473061465938,26.7413835960571,0.05058080452601045
cv1,seasonal_naive,excluded,43844.0,0.5995150483438035,26.73625833980999,0.050926222217326185
cv1,moving_avg_13,included,43873.0,0.45394571502846043,18.837015293677375,0.05601624539625913
cv1,moving_avg_13,excluded,43844.0,0.4537606876774709,18.82830196163727,0.05627676515571191
cv2,lgbm,included,45531.0,0.28555329123464307,11.298166570422149,-0.003254122167334488
cv2,lgbm,excluded,45501.0,0.285650885049687,11.286645170575682,-0.0029620665460011954
cv2,seasonal_naive,included,45531.0,0.587533229055672,27.76228840852239,0.014028886381564645
cv2,seasonal_naive,excluded,45501.0,0.587937311170911,27.753363427315772,0.014832704736692398
cv2,moving_avg_13,included,45531.0,0.4754780205549872,19.812458283759096,0.040614285253195194
cv2,moving_avg_13,excluded,45501.0,0.4759244282939564,19.80745969255998,0.04108280866366941
cv3,lgbm,included,45589.0,0.32116957860738954,12.101097477567928,-0.006073318643648519
cv3,lgbm,excluded,45555.0,0.32108431054027836,12.08677136971692,-0.005909924145262531
cv3,seasonal_naive,included,45589.0,0.5708512269663708,23.64875060683701,-0.04379725731128417
cv3,seasonal_naive,excluded,45555.0,0.5709981062225798,23.641130334292413,-0.04335783915101069
cv3,moving_avg_13,included,45589.0,0.47671951155590514,19.61178803688344,-0.03900910041064099
cv3,moving_avg_13,excluded,45555.0,0.47663935692870213,19.59298897484034,-0.039198408342839726
holdout,lgbm,included,42616.0,0.29001867059306297,11.59577539207887,0.03370984514829255
holdout,lgbm,excluded,42602.0,0.2899543230653455,11.593830015260894,0.03383175444778573
holdout,seasonal_naive,included,42616.0,0.5910664142959436,27.24536968927816,0.02220428421609142
holdout,seasonal_naive,excluded,42602.0,0.5910398285705852,27.24791601015529,0.022247350984156443
holdout,moving_avg_13,included,42616.0,0.44396391774409416,21.786370604902174,-0.03699539077805763
holdout,moving_avg_13,excluded,42602.0,0.44395657974073677,21.788405244473438,-0.03689822300537628
cv_mean,lgbm,excluded,,0.3102067845944045,12.254290648029055,-0.005330656591579872
cv_mean,lgbm,included,,0.3102914411362963,12.267804349938901,-0.005543397819142304
cv_mean,moving_avg_13,excluded,,0.46877482430004314,19.40958354301253,0.019387055158847196
cv_mean,moving_avg_13,included,,0.46871441571311756,19.420420538106637,0.019207143412937777
cv_mean,seasonal_naive,excluded,,0.5861501552457647,26.04358403380606,0.0074670292676692965
cv_mean,seasonal_naive,included,,0.5860105873895455,26.050807537138834,0.006937477865430308
