level,group,spec,elasticity,std_err,ci_low,ci_high,n,price_cv_within,elastic
overall,all,A,-2.358767984089165,0.03065627076864769,-2.4188542747957147,-2.2986816933826155,524932,0.12813491022757845,True
overall,all,B,-1.7035764463705045,0.028484359240913668,-1.7594057904826954,-1.6477471022583137,524932,0.12813491022757845,True
category,BAG SNACKS,A,-1.5598299420440198,0.05759998447398528,-1.672725911613031,-1.4469339724750085,127462,0.1103894039941949,True
category,BAG SNACKS,B,-1.3617566220415072,0.06078634184570435,-1.4808978520590876,-1.2426153920239267,127462,0.1103894039941949,True
category x tier,BAG SNACKS | Mainstream,A,-1.6466521363789952,0.07613846629280925,-1.7958835303129013,-1.4974207424450892,74628,0.10818625332992625,True
category x tier,BAG SNACKS | Mainstream,B,-1.4197396376962874,0.07778727868675224,-1.5722027039223219,-1.267276571470253,74628,0.10818625332992625,True
category x tier,BAG SNACKS | Upscale,A,-1.6043363459337894,0.09787686809910758,-1.7961750074080403,-1.4124976844595385,26481,0.10193140750977546,True
category x tier,BAG SNACKS | Upscale,B,-1.496060219540453,0.10706425947572996,-1.7059061681128838,-1.2862142709680224,26481,0.10193140750977546,True
category x tier,BAG SNACKS | Value,A,-1.353181077451016,0.11843924163113265,-1.585321991048036,-1.121040163853996,26353,0.12231570360087159,True
category x tier,BAG SNACKS | Value,B,-1.1653160635748026,0.1312820022541789,-1.422628787992993,-0.9080033391566119,26353,0.12231570360087159,True
category,COLD CEREAL,A,-2.7851241843882613,0.04211442166063882,-2.867668450843113,-2.7025799179334093,169688,0.12664388655744221,True
category,COLD CEREAL,B,-1.7796302794499932,0.042067452356213494,-1.8620824860681717,-1.6971780728318147,169688,0.12664388655744221,True
category x tier,COLD CEREAL | Mainstream,A,-2.8704039807487054,0.057269503355292954,-2.9826522073250796,-2.758155754172331,95216,0.12831934288815847,True
category x tier,COLD CEREAL | Mainstream,B,-1.8400818914206252,0.05763239875737645,-1.953041392985083,-1.7271223898561674,95216,0.12831934288815847,True
category x tier,COLD CEREAL | Upscale,A,-2.519961305673025,0.07120088805657505,-2.659515046263912,-2.380407565082138,32896,0.12558818327570068,True
category x tier,COLD CEREAL | Upscale,B,-1.6630490462500391,0.08557325373536231,-1.8307726235713493,-1.495325468928729,32896,0.12558818327570068,True
category x tier,COLD CEREAL | Value,A,-2.796094559953545,0.09437644244023391,-2.9810723871364035,-2.6111167327706863,41576,0.12368551429456456,True
category x tier,COLD CEREAL | Value,B,-1.7441178161324382,0.08382486221245765,-1.9084145460688553,-1.5798210861960211,41576,0.12368551429456456,True
category,FROZEN PIZZA,A,-3.755387491263268,0.08816872504634665,-3.9281981923541074,-3.582576790172429,111257,0.12984790608934507,True
category,FROZEN PIZZA,B,-2.971705603797842,0.14027792539304396,-3.2466503375682083,-2.6967608700274757,111257,0.12984790608934507,True
category x tier,FROZEN PIZZA | Mainstream,A,-3.8350938704075026,0.14807273434249307,-4.125316429718789,-3.544871311096216,64076,0.12956337140862859,True
category x tier,FROZEN PIZZA | Mainstream,B,-2.964932861057774,0.23370091997766027,-3.422986664213988,-2.50687905790156,64076,0.12956337140862859,True
category x tier,FROZEN PIZZA | Upscale,A,-3.698684795431691,0.07237005531703332,-3.840530103853076,-3.5568394870103055,23535,0.12795659216456237,True
category x tier,FROZEN PIZZA | Upscale,B,-3.0984908318110453,0.08270705393455384,-3.260596657522771,-2.9363850060993197,23535,0.12795659216456237,True
category x tier,FROZEN PIZZA | Value,A,-3.6019223204140287,0.09260247458836633,-3.7834231706072265,-3.420421470220831,23646,0.13226116781359398,True
category x tier,FROZEN PIZZA | Value,B,-2.9072575821005726,0.09434341315316404,-3.092170671880774,-2.7223444923203712,23646,0.13226116781359398,True
category,ORAL HYGIENE PRODUCTS,A,-1.5415430371169547,0.028250222466809607,-1.5969134731519015,-1.486172601082008,116525,0.1445465827802614,True
category,ORAL HYGIENE PRODUCTS,B,-1.2839183251937512,0.02915100259266795,-1.3410542902753804,-1.226782360112122,116525,0.1445465827802614,True
category x tier,ORAL HYGIENE PRODUCTS | Mainstream,A,-1.5613797192720238,0.03635208194892051,-1.632629799891908,-1.4901296386521397,67878,0.14441159370342482,True
category x tier,ORAL HYGIENE PRODUCTS | Mainstream,B,-1.309046636613916,0.037957519360524536,-1.3834433745605441,-1.2346498986672878,67878,0.14441159370342482,True
category x tier,ORAL HYGIENE PRODUCTS | Upscale,A,-1.5579003935320122,0.06497201447743182,-1.6852455419077785,-1.4305552451562458,25219,0.1386537760844665,True
category x tier,ORAL HYGIENE PRODUCTS | Upscale,B,-1.2607116841287163,0.06679186953624992,-1.3916237484197662,-1.1297996198376663,25219,0.1386537760844665,True
category x tier,ORAL HYGIENE PRODUCTS | Value,A,-1.4690315800860352,0.06080061284646845,-1.5882007812651133,-1.349862378906957,23428,0.14964502798469245,True
category x tier,ORAL HYGIENE PRODUCTS | Value,B,-1.2398215532514034,0.061836394809905965,-1.3610208870788192,-1.1186222194239877,23428,0.14964502798469245,True
upc,1111009477 (BAG SNACKS),A,-0.9597456020275721,0.11699655773845456,-1.189058855194943,-0.7304323488602011,11938,0.09145025497389567,False
upc,1111009477 (BAG SNACKS),B,-0.8980815711729495,0.1284029432742254,-1.1497513399904313,-0.6464118023554677,11938,0.09145025497389567,False
upc,1111009497 (BAG SNACKS),A,-1.005003821967958,0.10983438353657939,-1.2202792136996536,-0.7897284302362624,11960,0.09114745622938794,True
upc,1111009497 (BAG SNACKS),B,-0.8553043588961969,0.11916437199940182,-1.0888665280150245,-0.6217421897773694,11960,0.09114745622938794,False
upc,1111009507 (BAG SNACKS),A,-1.0551580410024344,0.14560807682944746,-1.3405498715881514,-0.7697662104167173,11290,0.09116846728930575,True
upc,1111009507 (BAG SNACKS),B,-1.0335523000059235,0.19689796345725144,-1.4194723083821363,-0.6476322916297106,11290,0.09116846728930575,True
upc,1111035398 (ORAL HYGIENE PRODUCTS),A,-0.867823272477308,0.11539904922086494,-1.0940054089502032,-0.6416411360044126,9644,0.12933830100217414,False
upc,1111035398 (ORAL HYGIENE PRODUCTS),B,-1.4301320354626572,0.14813459838704954,-1.7204758483012743,-1.1397882226240401,9644,0.12933830100217414,True
upc,1111038078 (ORAL HYGIENE PRODUCTS),A,-0.8940046835180935,0.07711511978553577,-1.0451503182977435,-0.7428590487384434,11249,0.27758134542262275,False
upc,1111038078 (ORAL HYGIENE PRODUCTS),B,-0.7528988452380032,0.0759605412952207,-0.9017815061766358,-0.6040161842993707,11249,0.27758134542262275,False
upc,1111038080 (ORAL HYGIENE PRODUCTS),A,-0.8737684941422166,0.07902016764577402,-1.0286480227279338,-0.7188889655564995,10673,0.2821192174971683,False
upc,1111038080 (ORAL HYGIENE PRODUCTS),B,-0.8765259761083909,0.08719259273509329,-1.0474234578691737,-0.7056284943476081,10673,0.2821192174971683,False
upc,1111085319 (COLD CEREAL),A,-0.39727309945743566,0.14296993244601514,-0.6774941670516254,-0.11705203186324598,11959,0.06941233003149273,False
upc,1111085319 (COLD CEREAL),B,-0.35326244159216336,0.15243896427488426,-0.6520428115709365,-0.05448207161339019,11959,0.06941233003149273,False
upc,1111085345 (COLD CEREAL),A,0.13282520122061253,0.15429091666522718,-0.16958499544323274,0.4352353978844578,11980,0.06739636528817007,False
upc,1111085345 (COLD CEREAL),B,0.13170846452381157,0.17207742795589687,-0.2055632942697463,0.46898022331736944,11980,0.06739636528817007,False
upc,1111085350 (COLD CEREAL),A,-1.5269232334929093,0.10047313148851733,-1.7238505712104033,-1.3299958957754152,11963,0.09547166645951109,True
upc,1111085350 (COLD CEREAL),B,-1.5061530149567388,0.11162883030038394,-1.7249455223454913,-1.2873605075679864,11963,0.09547166645951109,True
upc,1111087395 (FROZEN PIZZA),A,-2.5301514863209555,0.13432861151442993,-2.793435564889238,-2.266867407752673,11648,0.10085073839586203,True
upc,1111087395 (FROZEN PIZZA),B,-2.5118487072896256,0.1292160267060731,-2.765112119633529,-2.258585294945722,11648,0.10085073839586203,True
upc,1111087396 (FROZEN PIZZA),A,-1.7837137312460873,0.6190392227346421,-2.9970306078059856,-0.5703968546861888,11571,0.10493974949891385,True
upc,1111087396 (FROZEN PIZZA),B,-1.7260700430983862,0.6435323108548617,-2.9873933723739152,-0.46474671382285715,11571,0.10493974949891385,True
upc,1111087398 (FROZEN PIZZA),A,-2.899164406035821,0.12415175319551809,-3.142501842299036,-2.6558269697726056,11836,0.09853877873413412,True
upc,1111087398 (FROZEN PIZZA),B,-2.8617355276256276,0.12053607014602911,-3.0979862251118444,-2.6254848301394107,11836,0.09853877873413412,True
upc,1600027527 (COLD CEREAL),A,-0.577536386747492,0.09746498823518375,-0.7685677636884521,-0.3865050098065318,11985,0.14677388722650855,False
upc,1600027527 (COLD CEREAL),B,-0.7331928123175949,0.10241928385174755,-0.9339346086670202,-0.5324510159681697,11985,0.14677388722650855,False
upc,1600027528 (COLD CEREAL),A,-2.121132488501922,0.12899859014185217,-2.3739697251799523,-1.8682952518238916,11983,0.15075722248069404,True
upc,1600027528 (COLD CEREAL),B,-2.0706725977552165,0.1672893622090442,-2.398559747684943,-1.7427854478254898,11983,0.15075722248069404,True
upc,1600027564 (COLD CEREAL),A,-0.02419528579975234,0.028139996439063848,-0.07934967882031749,0.0309591072208128,11980,0.16867633447160688,False
upc,1600027564 (COLD CEREAL),B,-0.04431993930969092,0.028775030364495774,-0.10071899882410264,0.012079120204720795,11980,0.16867633447160688,False
upc,2066200530 (FROZEN PIZZA),A,-1.4224461802107642,0.4601113447409556,-2.3242644159030372,-0.5206279445184913,5107,0.09203869687381605,True
upc,2066200530 (FROZEN PIZZA),B,-1.5790435442328687,0.47666864587203045,-2.5133140901420483,-0.6447729983236891,5107,0.09203869687381605,True
upc,2066200531 (FROZEN PIZZA),A,-2.1925120962497595,0.4055310087554798,-2.9873528734105,-1.397671319089019,3794,0.09679002209874212,True
upc,2066200531 (FROZEN PIZZA),B,-2.220241718194053,0.42480188054552276,-3.0528534040632773,-1.3876300323248283,3794,0.09679002209874212,True
upc,2066200532 (FROZEN PIZZA),A,-1.038077990047662,0.3597670373487265,-1.743221383251166,-0.33293459684415805,2755,0.09580151885266623,True
upc,2066200532 (FROZEN PIZZA),B,-1.3524736086979132,0.35570749037942206,-2.0496602898415803,-0.655286927554246,2755,0.09580151885266623,True
upc,2840002333 (BAG SNACKS),A,-0.8867809883087368,0.2214414282899114,-1.320806187756963,-0.45275578886051043,9263,0.09979925207943033,False
upc,2840002333 (BAG SNACKS),B,-0.32795332771276187,0.2674881041607575,-0.8522300118678466,0.1963233564423229,9263,0.09979925207943033,False
upc,2840004768 (BAG SNACKS),A,-0.7695595100658498,0.20310704482994868,-1.1676493179325491,-0.3714697021991504,11559,0.1019912480662515,False
upc,2840004768 (BAG SNACKS),B,-0.11413507218427753,0.2537385014123639,-0.6114625349525108,0.38319239058395577,11559,0.1019912480662515,False
upc,2840004770 (BAG SNACKS),A,-1.3440657283693693,0.18640466365678543,-1.7094188691366687,-0.9787125876020699,11306,0.10210903416275516,True
upc,2840004770 (BAG SNACKS),B,-0.761047906749942,0.22796592373578978,-1.2078611172720901,-0.3142346962277941,11306,0.10210903416275516,False
upc,3000006340 (COLD CEREAL),A,-2.669051654105319,0.09722625329227987,-2.8596151105581873,-2.4784881976524504,10232,0.18906998666699956,True
upc,3000006340 (COLD CEREAL),B,-2.3327324738459345,0.10587716194911762,-2.540251711266205,-2.125213236425664,10232,0.18906998666699956,True
upc,3000006560 (COLD CEREAL),A,-3.0102687795428285,0.2238127737910396,-3.448941816173266,-2.571595742912391,10173,0.13141121343467912,True
upc,3000006560 (COLD CEREAL),B,-2.468491648952997,0.18738160998125525,-2.835759604516257,-2.101223693389737,10173,0.13141121343467912,True
upc,3000006610 (COLD CEREAL),A,-2.9605017475972355,0.16524984485171812,-3.284391443506603,-2.636612051687868,10494,0.14043851584051167,True
upc,3000006610 (COLD CEREAL),B,-2.524945048113267,0.15853817803016423,-2.8356798770523888,-2.214210219174145,10494,0.14043851584051167,True
upc,31254742725 (ORAL HYGIENE PRODUCTS),A,-1.1510379861981797,0.19328463261246723,-1.5298758661186154,-0.7722001062777439,10091,0.142549910557617,True
upc,31254742725 (ORAL HYGIENE PRODUCTS),B,-1.1713138245156474,0.2087709791492507,-1.5805049436481786,-0.762122705383116,10091,0.142549910557617,True
upc,31254742735 (ORAL HYGIENE PRODUCTS),A,-1.88979669598332,0.16528980986141983,-2.213764723311703,-1.565828668654937,11072,0.1140635984640838,True
upc,31254742735 (ORAL HYGIENE PRODUCTS),B,-1.6012909491882954,0.1812039525984437,-1.9564506962812451,-1.2461312020953457,11072,0.1140635984640838,True
upc,31254742835 (ORAL HYGIENE PRODUCTS),A,-2.519840031889802,0.17800427895289303,-2.8687284186374726,-2.170951645142132,10465,0.114465775427191,True
upc,31254742835 (ORAL HYGIENE PRODUCTS),B,-2.355926187827149,0.18059183370419243,-2.7098861818873665,-2.0019661937669317,10465,0.114465775427191,True
upc,3500068914 (ORAL HYGIENE PRODUCTS),A,-0.271224621100437,0.08644378917317717,-0.44065444787986424,-0.10179479432100974,1399,0.21698165231931912,False
upc,3500068914 (ORAL HYGIENE PRODUCTS),B,-0.23590387237308935,0.0875563244772633,-0.40751426834852544,-0.06429347639765329,1399,0.21698165231931912,False
upc,3700019521 (ORAL HYGIENE PRODUCTS),A,-0.9428191112505745,0.10022488986761013,-1.1392598953910904,-0.7463783271100586,8948,0.18000217499236054,False
upc,3700019521 (ORAL HYGIENE PRODUCTS),B,-0.9110680024896893,0.11220983770684814,-1.1309992843951118,-0.691136720584267,8948,0.18000217499236054,False
upc,3700031613 (ORAL HYGIENE PRODUCTS),A,-1.3166432219489796,0.14169561841590358,-1.5943666340441507,-1.0389198098538086,10476,0.12508420905043446,True
upc,3700031613 (ORAL HYGIENE PRODUCTS),B,-1.3342629577338754,0.1402485888267337,-1.6091501918342734,-1.0593757236334773,10476,0.12508420905043446,True
upc,3700044982 (ORAL HYGIENE PRODUCTS),A,-1.387988813269039,0.11941205227089217,-1.6220364357199877,-1.1539411908180903,10407,0.09008147394329173,True
upc,3700044982 (ORAL HYGIENE PRODUCTS),B,-1.4172950355410934,0.1329478808077253,-1.677872881924235,-1.1567171891579517,10407,0.09008147394329173,True
upc,3800031829 (COLD CEREAL),A,-1.6023115975360018,0.15089990338351697,-1.8980754081676952,-1.3065477869043085,11904,0.11969548805623745,True
upc,3800031829 (COLD CEREAL),B,-1.479886692765807,0.16587636591427832,-1.8050043699577925,-1.1547690155738215,11904,0.11969548805623745,True
upc,3800031838 (COLD CEREAL),A,-1.307894589500838,0.10530497844435271,-1.5142923472517693,-1.1014968317499068,11980,0.14257346570111396,True
upc,3800031838 (COLD CEREAL),B,-1.6082316761555135,0.11577318142949083,-1.8351471117573155,-1.3813162405537116,11980,0.14257346570111396,True
upc,3800039118 (COLD CEREAL),A,-2.809297758258083,0.20568988501278077,-3.2124499328831333,-2.4061455836330325,11948,0.1594926166617906,True
upc,3800039118 (COLD CEREAL),B,-2.731688465935239,0.21774421876029693,-3.158467134705421,-2.304909797165057,11948,0.1594926166617906,True
upc,4116709428 (ORAL HYGIENE PRODUCTS),A,-0.2630788724596832,0.17738567763543575,-0.6107548006251373,0.08459705570577086,7231,0.06480331491204826,False
upc,4116709428 (ORAL HYGIENE PRODUCTS),B,-0.05920157398348637,0.26261953714907194,-0.5739358667956673,0.4555327188286946,7231,0.06480331491204826,False
upc,4116709448 (ORAL HYGIENE PRODUCTS),A,-0.6205722516642191,0.1745484927476074,-0.9626872974495296,-0.27845720587890865,7651,0.06536412893473752,False
upc,4116709448 (ORAL HYGIENE PRODUCTS),B,-0.6978182190906267,0.22869695753665212,-1.146064255862465,-0.24957218231878853,7651,0.06536412893473752,False
upc,4116709565 (ORAL HYGIENE PRODUCTS),A,-0.7310165926517493,0.15258045043653845,-1.0300742755073646,-0.431958909796134,7219,0.07773875106105914,False
upc,4116709565 (ORAL HYGIENE PRODUCTS),B,-0.8855972924492802,0.19829641312888385,-1.2742582621818925,-0.4969363227166679,7219,0.07773875106105914,False
upc,7027312504 (BAG SNACKS),A,-0.42338191417048066,0.08179559548135924,-0.5837012813139448,-0.26306254702701654,4546,0.18608048401697777,False
upc,7027312504 (BAG SNACKS),B,-0.45360191712343323,0.09615843517877483,-0.642072450073832,-0.26513138417303456,4546,0.18608048401697777,False
upc,7027316204 (BAG SNACKS),A,-0.31629229668996894,0.07470612697967022,-0.46271630557012255,-0.16986828780981533,5059,0.18050456395183292,False
upc,7027316204 (BAG SNACKS),B,-0.3544739593945332,0.08349610762226228,-0.5181263303341672,-0.1908215884548991,5059,0.18050456395183292,False
upc,7027316404 (BAG SNACKS),A,-0.23865927505688778,0.07105416908193014,-0.37792544645747084,-0.09939310365630469,5051,0.18147644237762858,False
upc,7027316404 (BAG SNACKS),B,-0.271903563394873,0.08360506663101046,-0.4357694939916535,-0.10803763279809248,5051,0.18147644237762858,False
upc,7110410455 (BAG SNACKS),A,2.491177967242786,0.8218120519567572,0.8804263454075418,4.10192958907803,4744,0.10657410487544572,False
upc,7110410455 (BAG SNACKS),B,2.250002694266798,0.8159509991428708,0.6507387359467713,3.8492666525868247,4744,0.10657410487544572,False
upc,7110410470 (BAG SNACKS),A,-0.45909973758403316,1.089976932521915,-2.5954545253269865,1.6772550501589203,4542,0.10564294979984785,False
upc,7110410470 (BAG SNACKS),B,-0.843836533578696,1.0529411765171737,-2.9076012395523563,1.2199281723949644,4542,0.10564294979984785,False
upc,7110410471 (BAG SNACKS),A,1.8460253992465698,0.8396415864268156,0.20032788985001115,3.4917229086431285,4450,0.10559652207374978,False
upc,7110410471 (BAG SNACKS),B,1.6939220745856745,0.8238196577856197,0.07923554532585975,3.308608603845489,4450,0.10559652207374978,False
upc,7192100336 (FROZEN PIZZA),A,-3.1256686604001387,0.20380510279603553,-3.5251266618803685,-2.726210658919909,11796,0.1438801982555284,True
upc,7192100336 (FROZEN PIZZA),B,-3.242315361863361,0.2128522144213766,-3.6595057021292594,-2.825125021597463,11796,0.1438801982555284,True
upc,7192100337 (FROZEN PIZZA),A,-2.920127103179736,0.17927843715513506,-3.2715128400038003,-2.5687413663556713,11918,0.14363259504490217,True
upc,7192100337 (FROZEN PIZZA),B,-3.0086690677522405,0.18467469245472987,-3.370631464963511,-2.64670667054097,11918,0.14363259504490217,True
upc,7192100339 (FROZEN PIZZA),A,-2.5062635244793343,0.17285420720660186,-2.845057770604274,-2.1674692783543947,11962,0.14322062841408995,True
upc,7192100339 (FROZEN PIZZA),B,-2.6022224143404498,0.18163889406055037,-2.9582346466991285,-2.246210181981771,11962,0.14322062841408995,True
upc,7218063052 (FROZEN PIZZA),A,-1.0462150817415417,0.18586225977944157,-1.4105051109092472,-0.6819250525738362,10404,0.16652350497052593,True
upc,7218063052 (FROZEN PIZZA),B,-0.9882372054904062,0.19699223824398898,-1.3743419924486244,-0.6021324185321878,10404,0.16652350497052593,False
upc,7218063979 (FROZEN PIZZA),A,-0.9400580757582745,0.16957658768986114,-1.2724281876304024,-0.6076879638861467,9755,0.17120468299447278,False
upc,7218063979 (FROZEN PIZZA),B,-1.0214646113662478,0.19310022601362833,-1.3999410543529593,-0.6429881683795362,9755,0.17120468299447278,True
upc,7218063983 (FROZEN PIZZA),A,-0.8198156119917166,0.16544414112945366,-1.1440861286054458,-0.4955450953779874,8711,0.1729864450434872,False
upc,7218063983 (FROZEN PIZZA),B,-0.8532985161504709,0.17088318653312082,-1.1882295617553877,-0.5183674705455541,8711,0.1729864450434872,False
upc,7797502248 (BAG SNACKS),A,-1.7502719870460552,0.1767646932816651,-2.096730785878119,-1.4038131882139917,10991,0.11600332913557,True
upc,7797502248 (BAG SNACKS),B,-1.8858812419228128,0.16398747768710667,-2.207296698189542,-1.5644657856560837,10991,0.11600332913557,True
upc,7797508004 (BAG SNACKS),A,-1.216949600212778,0.2684003040044855,-1.7430141960615697,-0.6908850043639864,10120,0.10213107292129302,True
upc,7797508004 (BAG SNACKS),B,-1.0065167259453995,0.2580998196681157,-1.5123923724949062,-0.5006410793958929,10120,0.10213107292129302,True
upc,7797508006 (BAG SNACKS),A,-1.1894643593785257,0.3314384522967803,-1.839083725880215,-0.5398449928768363,10643,0.10197120384481115,True
upc,7797508006 (BAG SNACKS),B,-0.9947389063485909,0.33479274891027505,-1.65093269421273,-0.3385451184844518,10643,0.10197120384481115,False
upc,88491201426 (COLD CEREAL),A,-0.7067468435165019,0.26297153058585254,-1.2221710434647728,-0.19132264356823092,10700,0.07960483955349973,False
upc,88491201426 (COLD CEREAL),B,-0.6571115098030597,0.2854219212896242,-1.2165384755307231,-0.09768454407539628,10700,0.07960483955349973,False
upc,88491201427 (COLD CEREAL),A,-1.4292066237212426,0.17400053565810256,-1.7702476736111237,-1.0881655738313616,10313,0.08844449803714356,True
upc,88491201427 (COLD CEREAL),B,-1.4596225337813322,0.19397198463883783,-1.8398076236734544,-1.07943744388921,10313,0.08844449803714356,True
upc,88491212971 (COLD CEREAL),A,-1.6767148809921428,0.09973840690350551,-1.8722021585230135,-1.4812276034612721,10094,0.15043986845167442,True
upc,88491212971 (COLD CEREAL),B,-1.6781257151634514,0.13746223058049079,-1.9475516871012133,-1.4086997432256896,10094,0.15043986845167442,True
