by,segment,interval,nominal,n,coverage,mean_width
overall,all,raw_quantile,0.8,42616,0.8106110381077529,18.240254575121835
overall,all,conformal,0.8,42616,0.855077905012202,19.208972082683335
h,1,raw_quantile,0.8,3320,0.8397590361445784,15.705965616705353
h,1,conformal,0.8,3320,0.8873493975903615,16.682882502460306
h,2,raw_quantile,0.8,3282,0.8022547227300426,13.950911094002613
h,2,conformal,0.8,3282,0.8464351005484461,14.919078289873491
h,3,raw_quantile,0.8,3248,0.8201970443349754,13.537053604192792
h,3,conformal,0.8,3248,0.8694581280788177,14.514186068000415
h,4,raw_quantile,0.8,3279,0.8118328758767918,17.447855410704307
h,4,conformal,0.8,3279,0.8554437328453797,18.424516721405833
h,5,raw_quantile,0.8,3346,0.8254632396891811,14.21134344040063
h,5,conformal,0.8,3346,0.8711894799760909,15.197460636370566
h,6,raw_quantile,0.8,3323,0.7983749623833885,15.116196851275376
h,6,conformal,0.8,3323,0.842913030394222,16.091194359440053
h,7,raw_quantile,0.8,3287,0.805293580772741,21.447655755221426
h,7,conformal,0.8,3287,0.8536659567995132,22.416092621001237
h,8,raw_quantile,0.8,3233,0.809155583049799,19.965033599608592
h,8,conformal,0.8,3233,0.8598824621094958,20.934979759861488
h,9,raw_quantile,0.8,3249,0.835026161895968,23.376770362685306
h,9,conformal,0.8,3249,0.8704216682056017,24.343421693786713
h,10,raw_quantile,0.8,3277,0.843759536161123,22.906391845079835
h,10,conformal,0.8,3277,0.8828196521208422,23.866556665220504
h,11,raw_quantile,0.8,3263,0.8225559301256512,20.73229586779493
h,11,conformal,0.8,3263,0.8663806313208704,21.6938670923531
h,12,raw_quantile,0.8,3183,0.7615457115928369,18.49979067391641
h,12,conformal,0.8,3183,0.803330191643104,19.430556675329353
h,13,raw_quantile,0.8,3326,0.761876127480457,20.396500726878614
h,13,conformal,0.8,3326,0.8057726999398677,21.370607664523227
category,BAG SNACKS,raw_quantile,0.8,10840,0.8001845018450184,15.778840807068805
category,BAG SNACKS,conformal,0.8,10840,0.8383763837638376,16.761112156897187
category,COLD CEREAL,raw_quantile,0.8,12147,0.7822507615048984,35.076358992725325
category,COLD CEREAL,conformal,0.8,12147,0.8089240141598749,36.091996272309075
category,FROZEN PIZZA,raw_quantile,0.8,9923,0.8271692028620377,12.015462160967777
category,FROZEN PIZZA,conformal,0.8,9923,0.8759447747656959,12.996460046449098
category,ORAL HYGIENE PRODUCTS,raw_quantile,0.8,9706,0.8408201112713786,6.282927149891668
category,ORAL HYGIENE PRODUCTS,conformal,0.8,9706,0.9101586647434576,7.1652325091917035
promo_type,0,raw_quantile,0.8,32974,0.8164917814035301,13.383914033710942
promo_type,0,conformal,0.8,32974,0.8602535330866744,14.33779381801773
promo_type,1,raw_quantile,0.8,4377,0.7687914096413069,16.694245496626404
promo_type,1,conformal,0.8,4377,0.8284212931231437,17.71508148984562
promo_type,2,raw_quantile,0.8,1871,0.7952966328166756,25.667509984255332
promo_type,2,conformal,0.8,1871,0.8348476750400855,26.683695467739657
promo_type,3,raw_quantile,0.8,1628,0.8187960687960688,41.68594139679977
promo_type,3,conformal,0.8,1628,0.8716216216216216,42.705844763988125
promo_type,4,raw_quantile,0.8,1766,0.8131370328425821,83.26510266848364
promo_type,4,conformal,0.8,1766,0.8306908267270668,84.284212765203
tier,Mainstream,raw_quantile,0.8,24490,0.8102082482645978,17.91532579094657
tier,Mainstream,conformal,0.8,24490,0.8533278889342589,18.88699659330639
tier,Upscale,raw_quantile,0.8,8932,0.81448723690103,21.20816562902482
tier,Upscale,conformal,0.8,8932,0.8565830721003135,22.206874527405315
tier,Value,raw_quantile,0.8,9194,0.8079182075266478,16.22243038445301
tier,Value,conformal,0.8,9194,0.8582771372634327,17.154144488446292
