split,segment,promo,rows,units_lift,visits_lift,units_per_visit,avg_discount
overall,all,TPR only,70734,1.1851851851851851,1.1547619047619047,1.0869565217391304,0.21821374222477602
overall,all,display only,34388,1.5453296703296704,1.534336615481354,1.0833333333333333,0.12339913887002522
overall,all,feature + display,23414,3.582318361025063,3.3217993079584778,1.1428571428571428,0.2520172171414564
overall,all,feature only,20837,2.1259668508287293,1.997371879106439,1.1428571428571428,0.22878509071418338
overall,all,none,375559,0.9452619187757505,0.951219512195122,1.0,3.521105678997372e-06
category,BAG SNACKS,TPR only,20749,1.076356945722171,1.0515463917525774,1.2,0.2046031883351275
category,BAG SNACKS,display only,14805,1.3821989528795813,1.3937381404174574,1.09375,0.06645025127017856
category,BAG SNACKS,feature + display,1508,2.7392811244709696,2.736001511039036,1.0666666666666667,0.21203612661308835
category,BAG SNACKS,feature only,1680,1.6500369640216856,1.6232561760308437,1.0909090909090908,0.19242821399531346
category,BAG SNACKS,none,88720,0.9429238985313751,0.948943661971831,1.0476190476190477,1.5832757825152084e-06
category,COLD CEREAL,TPR only,18619,1.1958661417322833,1.1577669902912622,1.105263157894737,0.192890592181713
category,COLD CEREAL,display only,5374,2.0617473297357813,1.9509813678725538,1.1044776119402986,0.18226000158927272
category,COLD CEREAL,feature + display,9556,4.1335285505124455,3.611985401459854,1.1666666666666667,0.2600289482567043
category,COLD CEREAL,feature only,6667,2.070908207867897,1.877019748653501,1.1785714285714286,0.20991827330881754
category,COLD CEREAL,none,129472,0.9770773638968482,0.9821428571428571,1.054054054054054,2.7495292805871633e-06
category,FROZEN PIZZA,TPR only,9598,1.364289446185998,1.3577142857142857,1.1111111111111112,0.20774876522077715
category,FROZEN PIZZA,display only,5928,2.2354044255531944,2.223223596966693,1.1428571428571428,0.15330199358496177
category,FROZEN PIZZA,feature + display,10461,3.4422310756972108,3.338345864661654,1.1379310344827587,0.24593809295955368
category,FROZEN PIZZA,feature only,8115,2.329225352112676,2.2669491525423733,1.1333333333333333,0.22535598899929926
category,FROZEN PIZZA,none,77155,0.918762088974855,0.924006908462867,1.0,4.978132220791898e-06
category,ORAL HYGIENE PRODUCTS,TPR only,21768,1.24526023860186,1.2,1.0,0.2574612598006897
category,ORAL HYGIENE PRODUCTS,display only,8281,1.3619402985074627,1.3357664233576643,1.0,0.1656097271941829
category,ORAL HYGIENE PRODUCTS,feature + display,1889,2.7596153846153846,2.476076555023923,1.0952380952380953,0.2770702081665249
category,ORAL HYGIENE PRODUCTS,feature only,4375,2.0961538461538463,1.9007092198581559,1.0625,0.2778574987017398
category,ORAL HYGIENE PRODUCTS,none,80212,0.89247311827957,0.8907439720812182,1.0,5.508400909620066e-06
tier,Mainstream,TPR only,40507,1.1865596790371113,1.1548117154811715,1.0909090909090908,0.21792525844734875
tier,Mainstream,display only,21312,1.526561483443265,1.520721717250251,1.0869565217391304,0.12104473505887127
tier,Mainstream,feature + display,13762,3.7234042553191493,3.4334324628405692,1.1470588235294117,0.253242480009647
tier,Mainstream,feature only,11426,2.235740233254732,2.0866045873334893,1.1428571428571428,0.2295058617673251
tier,Mainstream,none,214791,0.9477434679334916,0.9533527696793003,1.0,1.7881931342337383e-06
tier,Upscale,TPR only,13567,1.18562874251497,1.1555023923444976,1.108695652173913,0.20884644437231087
tier,Upscale,display only,6969,1.5283363802559415,1.5174193548387098,1.0833333333333333,0.1282982999558948
tier,Upscale,feature + display,4845,3.18,2.953488372093023,1.1403508771929824,0.25564949225024336
tier,Upscale,feature only,3939,1.9951100244498776,1.8391304347826087,1.1458333333333333,0.22932483606132698
tier,Upscale,none,78811,0.9622641509433962,0.9690721649484535,1.0303030303030303,0.0
tier,Value,TPR only,16660,1.1800309313550839,1.153985507246377,1.03125,0.2265433786195324
tier,Value,display only,6107,1.6460905349794237,1.6349108789182545,1.06993006993007,0.1260247816432179
tier,Value,feature + display,4807,3.67741935483871,3.469208211143695,1.1304347826086956,0.2448484132109153
tier,Value,feature only,5472,2.0220091414944354,1.9055157698533378,1.1183473389355743,0.2268915258429121
tier,Value,none,81957,0.918918918918919,0.9220779220779219,1.0,1.1448627160625392e-05
