segment_by,model,segment,n,wmape,rmse,bias
category,lgbm,BAG SNACKS,10840,0.25046963395704364,8.439377264538757,-0.003974363576278191
category,lgbm,COLD CEREAL,12147,0.28232131770644925,19.425909985665427,0.06681664357277577
category,lgbm,FROZEN PIZZA,9923,0.34275736500335624,5.481005998178618,-0.016991412444894678
category,lgbm,ORAL HYGIENE PRODUCTS,9706,0.4341959250675431,2.802095591102761,0.010027680159463785
category,moving_avg_13,BAG SNACKS,10840,0.2928234842655073,10.257411676634657,-0.10044331414157619
category,moving_avg_13,COLD CEREAL,12147,0.5040814734334144,38.98642420056798,-0.05363216320515822
category,moving_avg_13,FROZEN PIZZA,9923,0.46824464426709345,7.179437005575808,0.10541472268034623
category,moving_avg_13,ORAL HYGIENE PRODUCTS,9706,0.5227112014816448,3.408839942827569,0.09356771769672552
sub_category,lgbm,ADULT CEREAL,2999,0.3258553500843096,11.056693294570328,0.16323908501852633
sub_category,lgbm,ALL FAMILY CEREAL,6063,0.25716736794934614,17.727830485846262,0.09146416297993949
sub_category,lgbm,KIDS CEREAL,3085,0.3064151572637483,27.374467667328712,-0.03641575300479564
sub_category,lgbm,MOUTHWASH/RINSES AND SPRAYS,2819,0.4339463585021837,2.035327800180571,-0.044977719117594725
sub_category,lgbm,MOUTHWASHES (ANTISEPTIC),6887,0.4342657913267744,3.06104369947875,0.025426463564129118
sub_category,lgbm,PIZZA/PREMIUM,9923,0.34275736500335624,5.481005998178618,-0.016991412444894678
sub_category,lgbm,PRETZELS,10840,0.25046963395704364,8.439377264538757,-0.003974363576278191
sub_category,moving_avg_13,ADULT CEREAL,2999,0.3775885899929417,13.373309026567597,0.029790640019622377
sub_category,moving_avg_13,ALL FAMILY CEREAL,6063,0.4613309953545293,37.262140997419664,-0.013006194256572179
sub_category,moving_avg_13,KIDS CEREAL,3085,0.6598062786282728,55.51612247593095,-0.18055923580055286
sub_category,moving_avg_13,MOUTHWASH/RINSES AND SPRAYS,2819,0.47579948092322205,2.3784550031929386,-0.09602087547611397
sub_category,moving_avg_13,MOUTHWASHES (ANTISEPTIC),6887,0.5358441563099654,3.749804561731958,0.14664311975969022
sub_category,moving_avg_13,PIZZA/PREMIUM,9923,0.46824464426709345,7.179437005575808,0.10541472268034623
sub_category,moving_avg_13,PRETZELS,10840,0.2928234842655073,10.257411676634657,-0.10044331414157619
tier,lgbm,Mainstream,24490,0.2885728631447899,11.3862020030163,0.026213582659598594
tier,lgbm,Upscale,8932,0.26634910145101937,12.214628882047238,0.05102382038035627
tier,lgbm,Value,9194,0.32965890159988454,11.53153085748483,0.032957272054398565
tier,moving_avg_13,Mainstream,24490,0.4508641223915119,22.37280721053343,-0.05033479383835255
tier,moving_avg_13,Upscale,8932,0.40017716728457176,21.575391532060497,-0.002836442294497552
tier,moving_avg_13,Value,9194,0.48568020763706987,20.36057876405499,-0.043268073812698815
state,lgbm,IN,614,0.2855358456765315,11.214001550550714,0.10637551860440116
state,lgbm,KY,2294,0.2714530663868298,11.642023989163912,0.0406763835597961
state,lgbm,OH,18558,0.28131526602913165,13.596462648528258,0.05181537988414966
state,lgbm,TX,21150,0.3052556077767554,9.506490150400706,0.004604315853064128
state,moving_avg_13,IN,614,0.5122243535665324,24.4493640158331,0.00532857036487711
state,moving_avg_13,KY,2294,0.4560222556318312,25.344918327428715,-0.03677829108917684
state,moving_avg_13,OH,18558,0.43965822691647605,26.407523795399193,-0.026913814310806385
state,moving_avg_13,TX,21150,0.44514805649299216,16.04564684587486,-0.05267898108690188
promo_type,lgbm,0,32974,0.28487625931835775,6.905514073659778,0.052004596507131136
promo_type,lgbm,1,4377,0.34818766364652765,9.333989859089261,0.11017088736954164
promo_type,lgbm,2,1871,0.2506064628029614,12.972072654400803,0.034558495332665175
promo_type,lgbm,3,1628,0.31453676397766056,23.535353820728254,-0.022941706599404397
promo_type,lgbm,4,1766,0.28533600901715434,38.072764907017444,-0.05188384128855212
promo_type,moving_avg_13,0,32974,0.3976125317766991,10.386619384368613,0.18664295499953532
promo_type,moving_avg_13,1,4377,0.4161124753889253,11.56094793409312,0.003810874886120868
promo_type,moving_avg_13,2,1871,0.32294549049727556,18.030130330730124,-0.18163608865588746
promo_type,moving_avg_13,3,1628,0.5503091537283483,45.69991630484004,-0.5086731344452871
promo_type,moving_avg_13,4,1766,0.6413029940906086,82.6956666184181,-0.6381191486110761
history_bucket,lgbm,13-51 wks,386,0.44957675261453917,2.77025789076974,0.12330556665587321
history_bucket,lgbm,52+ wks,42230,0.28965630973972767,11.645638658447014,0.03350637076649153
history_bucket,moving_avg_13,13-51 wks,386,0.5529890799879363,3.6093672859310466,0.23364046467130895
history_bucket,moving_avg_13,52+ wks,42230,0.443716318560617,21.882991819948707,-0.0376100123521034
h,lgbm,1,3320,0.23675311100718496,7.13827491806404,0.01638630412390397
h,lgbm,2,3282,0.3150124561152702,8.520375397866433,0.10645075069671013
h,lgbm,3,3248,0.30448020790272023,7.169888631647381,0.15384460062479602
h,lgbm,4,3279,0.30998098599101953,10.697410666421378,0.13517318645556564
h,lgbm,5,3346,0.2763341781181216,6.702515362019112,0.09399126833023531
h,lgbm,6,3323,0.2860945675612746,6.846807313127114,0.06299447337425368
h,lgbm,7,3287,0.2583403828293667,11.934913368278252,0.015893167074931963
h,lgbm,8,3233,0.27213509452958395,10.265829515470628,-0.02630021650810021
h,lgbm,9,3249,0.28588871760804874,19.467653547761238,-0.05094947478743826
h,lgbm,10,3277,0.2795812071509226,17.078313699824193,-0.044958936264945286
h,lgbm,11,3263,0.26038629598455193,11.760638596441023,-0.03670254235580956
h,lgbm,12,3183,0.335443967355501,11.007585762972765,0.009525130943538854
h,lgbm,13,3326,0.37163881022582884,13.887447759942095,0.11535238281478886
h,moving_avg_13,1,3320,0.35378987930451844,11.418515013357862,-0.007949824225729945
h,moving_avg_13,2,3282,0.4400420659000393,11.99796375532902,0.18130896062042323
h,moving_avg_13,3,3248,0.43114065941371343,10.973654061256303,0.27048942580600177
h,moving_avg_13,4,3279,0.3662129386491139,11.463327408658602,0.044897808496555586
h,moving_avg_13,5,3346,0.369682419749441,9.747931703311249,0.12479472150741505
h,moving_avg_13,6,3323,0.3664978960687282,10.064558492155172,0.09420435134160435
h,moving_avg_13,7,3287,0.47448745478111426,30.322001450421634,-0.20620078573914088
h,moving_avg_13,8,3233,0.43557714738301934,19.311113723042915,-0.025151624460840346
h,moving_avg_13,9,3249,0.4773439235697186,39.02913893186196,-0.2904852665071991
h,moving_avg_13,10,3277,0.4733782150624991,32.81503380360817,-0.22966215515695285
h,moving_avg_13,11,3263,0.4530554896833376,25.50691284971819,-0.11736127487030971
h,moving_avg_13,12,3183,0.6093244575911275,20.721830894265615,0.14334016931028776
h,moving_avg_13,13,3326,0.4869317729870937,22.275020852125998,-0.0880201255181789
history_bucket,cold_start_rule,no history,14,3.0571047568537257,7.702925497783704,3.0571047568537257
