scenario,method,rows_changed,rows_total,base_units,scenario_units,units_change_pct,units_change_pct_on_changed_rows,base_revenue,scenario_revenue,revenue_change_pct
everyday price -10%,"elasticity (spec B, by category)",42616,42616,818890.4673886453,991018.1222477711,0.21019618827414455,0.21019618827414455,2314282.1783125335,2562344.3106351206,0.10718750489772266
everyday price -5%,"elasticity (spec B, by category)",42616,42616,818890.4673886453,898284.8202290956,0.09695356827590196,0.09695356827590196,2314282.1783125335,2430707.0942495037,0.050307139305658
everyday price +5%,"elasticity (spec B, by category)",42616,42616,818890.4673886453,750328.1461367932,-0.0837258754159027,-0.0837258754159027,2314282.1783125335,2210566.331870552,-0.044815557676551876
everyday price +10%,"elasticity (spec B, by category)",42616,42616,818890.4673886453,690660.429445951,-0.1565899751545603,-0.1565899751545603,2314282.1783125335,2117572.5573762143,-0.08499811422293835
sale tag 5% off (un-promoted rows),LightGBM,32974,42616,818890.4673886453,873432.0636559967,0.06660426325547397,0.1069147004782458,2314282.1783125335,2435791.303600721,0.052504023246113585
sale tag 10% off (un-promoted rows),LightGBM,32974,42616,818890.4673886453,861621.9010254887,0.052182111452719004,0.08376392956844803,2314282.1783125335,2326742.826316753,0.005384238845629996
sale tag 15% off (un-promoted rows),LightGBM,32974,42616,818890.4673886453,928115.8541494396,0.1333821690574839,0.21410813597953315,2314282.1783125335,2432081.426295034,0.05090098739315985
sale tag 20% off (un-promoted rows),LightGBM,32974,42616,818890.4673886453,950643.3663552601,0.1608919681123666,0.25826750029661816,2314282.1783125335,2401971.1854755995,0.0378903696294306
add display (no price cut),LightGBM,37351,42616,818890.4673886453,992317.7053461047,0.21178319306915427,0.2963044080636523,2314282.1783125335,2849713.60049631,0.23135960999111527
add circular feature (no price cut),LightGBM,37351,42616,818890.4673886453,1078353.567915849,0.3168471375110813,0.44329864974803557,2314282.1783125335,3110504.4115299825,0.34404716964895665
feature + display (no price cut),LightGBM,40850,42616,818890.4673886453,1466647.7570611192,0.791018231947556,0.9284617487175073,2314282.1783125335,4259880.935158055,0.8406921053439393
