scenario,category,rows,model_units_change_pct,elasticity_implied_pct,category_elasticity_A
sale tag 5% off,BAG SNACKS,8562,0.09527319026928294,0.0832966272915372,-1.5598299420440198
sale tag 5% off,COLD CEREAL,9552,0.06286961737505403,0.15356627259004751,-2.7851241843882613
sale tag 5% off,FROZEN PIZZA,7912,0.2533952188687836,0.21242955081982862,-3.755387491263268
sale tag 5% off,ORAL HYGIENE PRODUCTS,6948,0.26108123801133676,0.08228100923582438,-1.5415430371169547
sale tag 10% off,BAG SNACKS,8562,0.07005670008516285,0.17862030169417276,-1.5598299420440198
sale tag 10% off,COLD CEREAL,9552,0.03403467481064637,0.341035641706541,-2.7851241843882613
sale tag 10% off,FROZEN PIZZA,7912,0.2665598151098876,0.48537844577622713,-3.755387491263268
sale tag 10% off,ORAL HYGIENE PRODUCTS,6948,0.20914389741230455,0.17635162803074955,-1.5415430371169547
sale tag 15% off,BAG SNACKS,8562,0.17289893635805487,0.288529741986294,-1.5598299420440198
sale tag 15% off,COLD CEREAL,9552,0.14515574744985016,0.5724506411415438,-2.7851241843882613
sale tag 15% off,FROZEN PIZZA,7912,0.4995489564773248,0.8410230164237076,-3.755387491263268
sale tag 15% off,ORAL HYGIENE PRODUCTS,6948,0.4338048073214362,0.284705989377531,-1.5415430371169547
sale tag 20% off,BAG SNACKS,8562,0.20762949605495318,0.4163256740374093,-1.5598299420440198
sale tag 20% off,COLD CEREAL,9552,0.1899052359508846,0.8616858207847682,-2.7851241843882613
sale tag 20% off,FROZEN PIZZA,7912,0.5619945770004255,1.3117167754065822,-3.755387491263268
sale tag 20% off,ORAL HYGIENE PRODUCTS,6948,0.47634808695905684,0.4105579738797527,-1.5415430371169547
