scenario,method,category,units_change_pct,revenue_change_pct
everyday price -10%,"elasticity (spec B, by category)",BAG SNACKS,0.1542783920063937,0.03885053280590545
everyday price -10%,"elasticity (spec B, by category)",COLD CEREAL,0.2062335833532778,0.08561019773355816
everyday price -10%,"elasticity (spec B, by category)",FROZEN PIZZA,0.36765888467566676,0.23089297910875084
everyday price -10%,"elasticity (spec B, by category)",ORAL HYGIENE PRODUCTS,0.14485077019509385,0.030365661695449297
everyday price -5%,"elasticity (spec B, by category)",BAG SNACKS,0.07234622683564718,0.018728909292020868
everyday price -5%,"elasticity (spec B, by category)",COLD CEREAL,0.09557911961658205,0.04080014881699334
everyday price -5%,"elasticity (spec B, by category)",FROZEN PIZZA,0.16465926794132923,0.10642628869978776
everyday price -5%,"elasticity (spec B, by category)",ORAL HYGIENE PRODUCTS,0.06807333148900496,0.014669644663913628
everyday price +5%,"elasticity (spec B, by category)",BAG SNACKS,-0.06428125067469892,-0.017495361584591085
everyday price +5%,"elasticity (spec B, by category)",COLD CEREAL,-0.08316563812626299,-0.03732396418835371
everyday price +5%,"elasticity (spec B, by category)",FROZEN PIZZA,-0.13496906031893652,-0.09171754910461394
everyday price +5%,"elasticity (spec B, by category)",ORAL HYGIENE PRODUCTS,-0.0607208746629192,-0.013756955532017168
everyday price +10%,"elasticity (spec B, by category)",BAG SNACKS,-0.12171950721057168,-0.03389144241294806
everyday price +10%,"elasticity (spec B, by category)",COLD CEREAL,-0.15601189823433836,-0.07161307015185236
everyday price +10%,"elasticity (spec B, by category)",FROZEN PIZZA,-0.2466563610259913,-0.17132198618769778
everyday price +10%,"elasticity (spec B, by category)",ORAL HYGIENE PRODUCTS,-0.11517950621460415,-0.026697440554023233
sale tag 5% off (un-promoted rows),LightGBM,BAG SNACKS,0.0665350014210273,0.05097153578918023
sale tag 5% off (un-promoted rows),LightGBM,COLD CEREAL,0.036929185612730064,0.008361465224272724
sale tag 5% off (un-promoted rows),LightGBM,FROZEN PIZZA,0.16809118026131808,0.13102837192187655
sale tag 5% off (un-promoted rows),LightGBM,ORAL HYGIENE PRODUCTS,0.14042007516772514,0.1477800745944189
sale tag 10% off (un-promoted rows),LightGBM,BAG SNACKS,0.04892480903120999,-0.001976252002950263
sale tag 10% off (un-promoted rows),LightGBM,COLD CEREAL,0.019991736483034206,-0.04369174850176283
sale tag 10% off (un-promoted rows),LightGBM,FROZEN PIZZA,0.176823991123771,0.10302746795564399
sale tag 10% off (un-promoted rows),LightGBM,ORAL HYGIENE PRODUCTS,0.11248606762861924,0.08907715665477034
sale tag 15% off (un-promoted rows),LightGBM,BAG SNACKS,0.12074573071146766,0.025846529498150028
sale tag 15% off (un-promoted rows),LightGBM,COLD CEREAL,0.0852634987159484,-0.014181561799563647
sale tag 15% off (un-promoted rows),LightGBM,FROZEN PIZZA,0.331378682152901,0.19254745063421952
sale tag 15% off (un-promoted rows),LightGBM,ORAL HYGIENE PRODUCTS,0.23331781370498805,0.16055235699672465
sale tag 20% off (un-promoted rows),LightGBM,BAG SNACKS,0.145000170310424,0.007120774335234392
sale tag 20% off (un-promoted rows),LightGBM,COLD CEREAL,0.11154904387953568,-0.02682677155855906
sale tag 20% off (un-promoted rows),LightGBM,FROZEN PIZZA,0.37280234477265184,0.18560137556337608
sale tag 20% off (un-promoted rows),LightGBM,ORAL HYGIENE PRODUCTS,0.2561993143830905,0.13821487070334726
add display (no price cut),LightGBM,BAG SNACKS,0.20038879767760642,0.2170747689540442
add display (no price cut),LightGBM,COLD CEREAL,0.19978658992283682,0.22381611073973962
add display (no price cut),LightGBM,FROZEN PIZZA,0.2631884074935249,0.2535772759714383
add display (no price cut),LightGBM,ORAL HYGIENE PRODUCTS,0.2723003621962501,0.25514167206076666
add circular feature (no price cut),LightGBM,BAG SNACKS,0.2768918425263893,0.2895448362772024
add circular feature (no price cut),LightGBM,COLD CEREAL,0.32828377399495,0.3714230207377902
add circular feature (no price cut),LightGBM,FROZEN PIZZA,0.309746707452508,0.31240753589158743
add circular feature (no price cut),LightGBM,ORAL HYGIENE PRODUCTS,0.4072387733680223,0.38055391913146774
feature + display (no price cut),LightGBM,BAG SNACKS,0.6829311440493164,0.6888040004235705
feature + display (no price cut),LightGBM,COLD CEREAL,0.8849573091576746,1.0086178221510176
feature + display (no price cut),LightGBM,FROZEN PIZZA,0.5937833573354807,0.5946119644366707
feature + display (no price cut),LightGBM,ORAL HYGIENE PRODUCTS,0.7884268504024157,0.734810728862894
